TransactionID,FarmerID,DealerID,Fertilizer_Quantity_kg,DateTime,Max_Allowed_kg
T00429,F0125,D036,102.8,2024-09-05 17:18:41,133.5
T00313,F0177,D045,164.7,2024-10-26 17:09:09,353.0
T00307,F0081,D019,185.3,2024-11-24 04:38:34,435.0
T00142,F0086,D008,106.8,2024-06-25 20:54:46,179.5
T00274,F0165,D020,45.0,2024-06-28 13:45:06,68.0
T00997,F0101,D012,42.5,2024-01-13 07:42:21,40.0
T00826,F0165,D011,45.3,2024-10-30 11:01:33,68.0
T00248,F0171,D021,145.3,2024-08-11 20:27:51,347.0
T00584,F0200,D008,135.3,2024-09-21 10:48:40,395.5
T00052,F0075,D004,132.8,2024-03-20 07:18:01,361.0
T00662,F0083,D025,1607.7,2024-08-09 12:49:23,182.0
T00329,F0068,D011,156.9,2024-04-16 04:35:57,406.0
T00362,F0141,D007,176.8,2024-10-26 20:54:50,482.0
T00719,F0094,D006,157.1,2024-10-27 03:07:18,291.5
T00159,F0166,D018,177.3,2024-01-13 22:56:16,422.0
T00368,F0110,D009,53.6,2024-01-25 18:08:22,61.5
T00319,F0020,D031,158.3,2024-12-17 07:39:05,163.5
T00089,F0105,D026,141.9,2024-09-09 14:54:59,456.0
T00653,F0145,D020,94.4,2024-04-11 19:55:51,160.5
T00974,F0171,D006,192.5,2024-01-18 07:10:48,347.0
T01008,F0001,D050,886.7,2024-03-18 04:57:50,203.0
T00057,F0174,D001,83.0,2024-08-02 17:21:22,132.5
T00244,F0093,D036,172.1,2024-11-19 21:25:26,386.5
T00483,F0188,D033,143.3,2024-06-05 03:11:55,288.5
T00421,F0117,D036,169.7,2024-02-20 15:33:19,406.5
T00724,F0160,D001,150.7,2024-04-29 23:15:39,371.0
T00310,F0022,D043,835.8,2024-05-11 00:52:17,91.5
T00814,F0072,D042,131.5,2024-12-27 16:42:19,119.5
T00299,F0107,D042,110.0,2024-11-03 16:49:27,220.0
T00436,F0199,D013,4328.6,2024-09-03 21:09:39,446.5
T00414,F0180,D020,38.6,2024-11-26 21:16:10,90.5
T00562,F0026,D016,140.4,2024-01-03 21:39:40,398.0
T00110,F0086,D035,64.4,2024-03-02 14:26:22,179.5
T00715,F0182,D021,587.7,2024-01-12 18:07:52,79.0
T00108,F0024,D030,153.3,2024-04-09 09:49:02,199.0
T00931,F0080,D048,71.4,2024-09-12 19:29:33,80.0
T00295,F0070,D043,195.7,2024-02-25 04:12:28,494.0
T00907,F0121,D004,192.1,2024-10-31 15:33:37,408.5
T00542,F0067,D035,80.8,2024-10-14 03:03:26,92.0
T00278,F0091,D025,579.1,2024-06-28 22:47:06,82.0
T00102,F0041,D016,52.3,2024-07-25 12:49:44,83.0
T00193,F0061,D007,159.1,2024-11-04 06:11:28,209.5
T00676,F0143,D041,192.0,2024-09-16 04:36:16,261.0
T00596,F0014,D012,497.4,2024-10-25 21:20:20,126.0
T01070,F0132,D009,728.5,2024-05-16 19:06:53,130.5
T00032,F0189,D017,93.7,2024-01-11 07:04:41,276.5
T00179,F0052,D048,157.0,2024-01-25 22:24:13,393.0
T00582,F0043,D037,17.4,2024-07-27 16:02:06,41.5
T00437,F0107,D018,149.8,2024-02-18 20:40:18,220.0
T01047,F0086,D015,844.4,2024-11-07 18:40:26,179.5
T00498,F0126,D038,98.3,2024-08-12 13:56:34,228.0
T00820,F0043,D036,34.1,2024-07-15 13:01:25,41.5
T00553,F0143,D022,167.3,2024-03-04 08:33:22,261.0
T00917,F0039,D003,110.7,2024-12-24 13:03:44,350.0
T00657,F0131,D021,73.1,2024-06-10 00:06:31,223.5
T00932,F0168,D008,98.3,2024-01-06 04:02:45,113.5
T00140,F0096,D036,88.8,2024-05-22 07:16:14,259.5
T00520,F0185,D036,154.5,2024-12-28 20:43:05,147.5
T00842,F0048,D014,88.6,2024-11-09 01:14:58,272.0
T00507,F0023,D031,160.5,2024-12-05 05:15:02,164.0
T00216,F0165,D036,64.9,2024-10-25 06:59:22,68.0
T00347,F0181,D041,145.7,2024-11-04 13:40:33,187.0
T00902,F0163,D047,126.9,2024-08-24 05:10:41,326.0
T00708,F0044,D022,3788.2,2024-05-29 07:42:21,457.0
T00552,F0105,D018,187.9,2024-03-16 03:07:56,456.0
T00290,F0115,D041,1741.7,2024-09-08 15:19:23,326.0
T00071,F0029,D038,144.9,2024-09-13 13:05:37,306.5
T00985,F0107,D005,869.6,2024-03-19 23:25:07,220.0
T00114,F0041,D031,40.7,2024-02-11 16:04:49,83.0
T00741,F0088,D007,129.4,2024-02-22 20:51:14,328.0
T00169,F0117,D014,186.7,2024-01-27 21:29:34,406.5
T00297,F0081,D026,171.9,2024-02-20 07:54:59,435.0
T00431,F0005,D004,39.5,2024-11-19 03:07:26,99.0
T00878,F0055,D041,170.6,2024-04-28 21:33:09,309.0
T00632,F0097,D016,108.6,2024-11-26 02:25:52,273.5
T00087,F0185,D010,99.6,2024-01-30 07:26:59,147.5
T00500,F0070,D034,185.6,2024-09-01 12:56:24,494.0
T00491,F0121,D033,2626.2,2024-07-25 23:46:00,408.5
T00669,F0057,D035,71.4,2024-09-06 12:05:51,67.0
T00459,F0142,D029,576.0,2024-04-06 12:46:17,144.5
T00211,F0067,D037,43.3,2024-07-16 07:25:39,92.0
T00586,F0003,D033,183.1,2024-06-22 06:11:58,372.5
T00060,F0129,D010,29.9,2024-07-12 19:11:46,28.5
T00219,F0145,D045,51.9,2024-04-14 02:47:36,160.5
T00281,F0033,D039,364.5,2024-07-03 23:11:01,56.0
T00713,F0142,D039,114.4,2024-10-25 21:39:07,144.5
T00371,F0157,D003,193.6,2024-05-02 19:33:58,344.5
T00694,F0035,D045,149.5,2024-03-07 19:24:38,483.5
T00024,F0152,D018,57.5,2024-11-17 06:45:39,139.0
T00644,F0111,D014,76.0,2024-07-05 10:16:40,162.5
T00602,F0147,D042,131.1,2024-11-30 08:27:07,314.5
T01036,F0042,D015,1881.0,2024-11-07 18:32:12,260.0
T00615,F0092,D004,176.4,2024-04-05 07:05:15,364.0
T00617,F0042,D014,183.4,2024-10-20 05:23:03,260.0
T00567,F0186,D043,2118.3,2024-02-16 03:56:07,338.5
T00381,F0050,D034,106.3,2024-04-13 20:01:01,113.0
T01029,F0187,D015,2551.5,2024-11-07 18:33:05,413.0
T00735,F0150,D018,81.0,2024-04-27 04:44:48,157.5
T00266,F0165,D049,61.7,2024-08-07 04:23:43,68.0
T00635,F0162,D027,151.9,2024-08-04 16:17:20,325.5
T00783,F0058,D034,68.3,2024-07-06 19:11:47,118.0
T00571,F0195,D019,144.4,2024-05-22 23:45:26,186.0
T00322,F0168,D050,79.7,2024-05-28 13:18:32,113.5
T00335,F0080,D006,38.4,2024-05-25 20:26:21,80.0
T00257,F0140,D022,155.1,2024-10-29 19:54:17,486.5
T00476,F0109,D036,78.8,2024-03-16 20:19:08,133.5
T00050,F0008,D034,174.0,2024-05-20 18:01:40,436.5
T00406,F0049,D017,136.5,2024-09-30 16:06:28,284.5
T00261,F0091,D042,34.3,2024-11-12 18:41:43,82.0
T00332,F0110,D029,35.6,2024-12-09 19:20:49,61.5
T00199,F0198,D021,2339.6,2024-06-14 23:43:43,451.0
T00077,F0062,D015,141.7,2024-11-28 16:37:09,154.0
T00590,F0034,D047,165.3,2024-01-09 16:54:55,475.5
T00011,F0096,D040,152.3,2024-01-24 15:23:13,259.5
T00577,F0114,D016,181.0,2024-09-21 11:14:46,409.0
T00818,F0082,D023,146.6,2024-01-04 23:19:26,321.0
T00389,F0051,D023,199.9,2024-08-27 00:49:52,485.5
T00637,F0067,D022,33.4,2024-09-08 09:44:07,92.0
T00245,F0042,D023,126.4,2024-01-29 05:47:32,260.0
T00756,F0052,D030,135.1,2024-10-02 08:27:34,393.0
T00390,F0123,D018,190.8,2024-09-05 14:17:09,176.0
T00674,F0126,D010,97.2,2024-01-04 19:12:16,228.0
T00440,F0100,D038,33.2,2024-03-01 03:11:41,76.0
T00412,F0058,D043,102.4,2024-05-15 04:14:18,118.0
T00097,F0133,D007,66.2,2024-10-22 13:09:33,82.0
T00084,F0154,D029,141.8,2024-02-08 23:22:49,257.5
T01003,F0035,D050,2096.5,2024-03-18 04:40:00,483.5
T00697,F0140,D034,148.3,2024-12-23 05:07:10,486.5
T00446,F0154,D014,147.5,2024-10-25 02:34:33,257.5
T00993,F0111,D045,54.0,2024-08-22 13:11:12,162.5
T00875,F0029,D018,162.7,2024-02-06 11:59:30,306.5
T00333,F0091,D002,28.1,2024-06-10 09:07:10,82.0
T00981,F0073,D016,14.0,2024-04-23 12:37:03,27.5
T00946,F0135,D015,171.5,2024-10-14 22:34:10,473.0
T00200,F0198,D017,197.0,2024-05-25 14:44:18,451.0
T00594,F0145,D004,163.0,2024-12-29 04:56:34,160.5
T00651,F0139,D021,99.1,2024-10-28 10:18:47,197.5
T00430,F0140,D050,169.4,2024-02-20 08:40:27,486.5
T00079,F0136,D046,169.5,2024-12-20 23:47:10,178.5
T00238,F0166,D039,127.2,2024-01-22 12:36:17,422.0
T00753,F0054,D037,173.5,2024-03-18 20:16:17,450.0
T00923,F0057,D006,69.5,2024-07-17 19:42:18,67.0
T00291,F0172,D022,24.6,2024-02-06 22:51:33,33.0
T00355,F0052,D024,196.2,2024-01-27 12:49:01,393.0
T00040,F0124,D006,44.8,2024-07-01 18:48:51,77.5
T00031,F0166,D028,150.3,2024-10-12 12:21:08,422.0
T00809,F0088,D020,117.0,2024-02-15 16:02:34,328.0
T00137,F0199,D005,183.8,2024-02-24 21:57:01,446.5
T00055,F0108,D041,183.0,2024-08-24 17:05:42,384.0
T01035,F0015,D015,793.2,2024-11-07 18:03:59,111.5
T00772,F0010,D028,109.4,2024-02-11 09:28:29,361.5
T00539,F0047,D049,96.3,2024-04-21 19:19:04,173.0
T00300,F0005,D009,784.1,2024-09-17 11:56:15,99.0
T00891,F0015,D044,39.5,2024-02-25 17:29:13,111.5
T00004,F0057,D010,50.3,2024-11-11 06:23:31,67.0
T00948,F0085,D016,116.9,2024-01-19 02:34:44,172.5
T00966,F0039,D010,193.6,2024-01-03 17:26:46,350.0
T01074,F0110,D009,440.8,2024-05-16 19:33:15,61.5
T00965,F0192,D035,186.8,2024-10-22 14:12:28,451.0
T00737,F0185,D018,79.6,2024-06-12 18:57:29,147.5
T00954,F0141,D005,165.3,2024-08-10 05:06:04,482.0
T00528,F0180,D014,87.1,2024-03-19 17:24:37,90.5
T00059,F0078,D030,49.1,2024-02-15 20:51:49,60.0
T00064,F0071,D010,133.3,2024-05-29 05:16:50,392.0
T01044,F0189,D015,1742.7,2024-11-07 18:54:26,276.5
T00478,F0053,D029,173.6,2024-10-24 02:45:45,471.5
T00101,F0076,D023,149.6,2024-05-25 19:46:19,371.5
T00514,F0065,D044,149.5,2024-09-07 02:04:31,158.5
T00949,F0101,D025,16.8,2024-12-23 15:07:59,40.0
T00505,F0049,D027,108.8,2024-09-25 09:55:44,284.5
T00800,F0002,D013,149.5,2024-06-26 22:40:44,476.5
T00308,F0162,D033,152.9,2024-10-26 15:04:23,325.5
T00175,F0135,D002,142.8,2024-02-21 10:29:42,473.0
T00910,F0159,D005,139.5,2024-07-24 09:59:13,138.0
T00766,F0163,D035,163.0,2024-08-18 20:48:10,326.0
T00555,F0020,D001,93.1,2024-10-13 07:46:35,163.5
T00356,F0089,D035,185.9,2024-07-16 06:38:12,446.5
T00209,F0022,D047,98.3,2024-01-21 05:30:43,91.5
T00067,F0028,D050,182.6,2024-11-03 01:23:28,269.5
T00919,F0123,D046,160.8,2024-07-13 20:06:53,176.0
T00068,F0120,D022,175.4,2024-12-29 01:49:34,281.0
T00953,F0075,D047,133.2,2024-05-04 12:00:41,361.0
T00013,F0131,D014,1000.6,2024-08-31 04:13:21,223.5
T00804,F0193,D023,190.1,2024-05-16 22:44:14,452.5
T00987,F0039,D007,147.7,2024-03-05 02:05:09,350.0
T00428,F0119,D009,188.8,2024-12-07 05:10:54,449.0
T00276,F0190,D005,138.8,2024-09-07 14:43:37,140.0
T00866,F0023,D022,125.0,2024-07-31 19:18:14,164.0
T00801,F0070,D043,173.6,2024-12-01 06:21:19,494.0
T00185,F0046,D031,141.2,2024-11-25 07:23:41,339.5
T00876,F0006,D017,59.2,2024-02-02 06:12:54,99.0
T00733,F0058,D016,84.6,2024-08-10 09:03:27,118.0
T00881,F0121,D014,128.6,2024-07-04 10:09:38,408.5
T00791,F0096,D028,106.1,2024-06-28 16:39:24,259.5
T00936,F0150,D009,145.6,2024-10-18 10:25:20,157.5
T00619,F0095,D019,184.8,2024-04-01 04:32:36,391.0
T00834,F0198,D049,154.6,2024-04-06 09:09:43,451.0
T01050,F0070,D015,2031.7,2024-11-07 18:47:49,494.0
T00558,F0089,D041,160.8,2024-12-14 15:02:40,446.5
T01017,F0018,D050,1405.3,2024-03-18 04:10:08,274.5
T00591,F0053,D001,154.2,2024-10-16 21:24:05,471.5
T00003,F0037,D041,58.1,2024-09-23 20:11:14,169.5
T00496,F0107,D002,1390.9,2024-08-20 01:36:03,220.0
T00561,F0130,D009,119.0,2024-07-04 16:11:41,267.5
T00527,F0183,D042,184.6,2024-04-09 20:13:51,464.0
T00991,F0156,D008,59.7,2024-02-05 08:47:01,140.0
T01053,F0192,D009,3313.4,2024-05-16 19:55:19,451.0
T00424,F0047,D027,108.6,2024-10-25 23:07:59,173.0
T00515,F0052,D017,157.7,2024-08-25 04:19:33,393.0
T00837,F0006,D008,94.0,2024-10-28 11:24:39,99.0
T00927,F0078,D020,39.0,2024-09-28 14:07:52,60.0
T00903,F0196,D045,178.3,2024-01-11 16:01:17,191.0
T00921,F0003,D041,159.2,2024-07-27 15:08:47,372.5
T00395,F0030,D044,30.6,2024-10-30 16:21:19,47.0
T00232,F0188,D032,136.7,2024-08-24 00:21:30,288.5
T00683,F0181,D012,188.2,2024-02-11 19:27:55,187.0
T00811,F0069,D027,24.9,2024-08-19 21:05:29,60.5
T00782,F0048,D022,174.5,2024-06-26 02:00:27,272.0
T00589,F0027,D030,113.5,2024-09-18 12:38:58,120.0
T00351,F0195,D046,97.8,2024-02-26 00:13:59,186.0
T00847,F0087,D044,119.8,2024-11-12 20:02:12,371.5
T00352,F0171,D001,137.9,2024-08-27 00:26:26,347.0
T01014,F0145,D050,887.7,2024-03-18 04:29:07,160.5
T00666,F0185,D032,64.1,2024-06-28 05:14:15,147.5
T00309,F0028,D048,143.6,2024-12-09 10:30:53,269.5
T00293,F0071,D043,167.3,2024-12-18 05:43:34,392.0
T00634,F0128,D004,159.0,2024-08-06 15:49:01,434.0
T00962,F0101,D048,19.8,2024-08-30 02:08:52,40.0
T01054,F0047,D009,1302.1,2024-05-16 19:33:36,173.0
T00107,F0070,D015,181.2,2024-06-28 08:13:43,494.0
T00603,F0164,D012,129.5,2024-07-27 21:36:43,279.5
T00056,F0037,D046,877.2,2024-03-02 18:11:29,169.5
T00214,F0127,D024,182.0,2024-02-14 20:48:31,413.5
T00121,F0065,D019,148.9,2024-10-28 12:25:47,158.5
T00410,F0082,D046,199.7,2024-06-22 02:44:13,321.0
T00026,F0168,D039,108.8,2024-10-18 02:47:30,113.5
T00073,F0162,D023,154.1,2024-05-09 08:33:53,325.5
T00789,F0180,D048,64.6,2024-04-04 23:26:00,90.5
T00045,F0095,D003,124.6,2024-06-25 21:17:05,391.0
T00600,F0173,D025,90.0,2024-05-26 03:16:12,268.0
T00328,F0158,D008,123.1,2024-04-20 22:58:47,387.0
T00986,F0099,D050,14.3,2024-08-15 07:52:26,37.0
T00701,F0122,D035,177.8,2024-08-07 02:17:33,450.5
T00372,F0156,D033,152.8,2024-06-03 21:43:01,140.0
T01042,F0108,D015,2751.3,2024-11-07 18:50:18,384.0
T00399,F0080,D044,84.7,2024-06-23 23:34:56,80.0
T00721,F0149,D018,29.8,2024-03-01 03:26:36,49.5
T00650,F0064,D026,92.3,2024-12-21 15:35:48,194.5
T00865,F0127,D018,187.0,2024-05-05 15:19:16,413.5
T01072,F0023,D009,745.5,2024-05-16 19:10:45,164.0
T00598,F0009,D027,199.2,2024-05-25 16:13:43,310.5
T00732,F0075,D006,190.9,2024-10-08 18:02:03,361.0
T00835,F0084,D003,28.1,2024-06-23 21:48:33,55.0
T00618,F0103,D004,122.7,2024-02-24 16:09:29,174.5
T00658,F0160,D015,124.2,2024-10-15 02:58:22,371.0
T00210,F0162,D039,133.6,2024-05-01 14:14:05,325.5
T00360,F0008,D023,135.7,2024-11-02 11:32:21,436.5
T00287,F0003,D024,192.8,2024-05-25 01:13:56,372.5
T00391,F0034,D004,181.1,2024-01-30 09:26:03,475.5
T00061,F0113,D019,182.3,2024-07-16 21:01:51,466.5
T00426,F0131,D021,76.9,2024-09-06 17:01:46,223.5
T00093,F0058,D032,86.5,2024-12-05 01:11:56,118.0
T00679,F0120,D001,145.6,2024-01-07 17:53:56,281.0
T00530,F0153,D018,36.4,2024-02-23 13:28:36,94.0
T00740,F0023,D039,74.9,2024-08-27 17:46:11,164.0
T00345,F0041,D050,40.7,2024-04-22 03:18:04,83.0
T00742,F0085,D026,1533.7,2024-05-09 06:29:19,172.5
T00320,F0053,D024,196.9,2024-09-20 16:16:40,471.5
T00183,F0008,D043,151.8,2024-07-21 18:16:39,436.5
T00704,F0024,D049,159.7,2024-11-14 23:23:31,199.0
T00468,F0162,D016,157.3,2024-03-24 19:17:28,325.5
T00111,F0088,D023,128.8,2024-08-16 10:33:54,328.0
T00487,F0074,D033,148.8,2024-02-24 12:51:11,412.5
T00845,F0079,D046,99.5,2024-04-23 21:33:11,195.5
T00928,F0067,D016,45.6,2024-01-23 17:43:21,92.0
T00448,F0035,D041,160.9,2024-07-31 03:09:02,483.5
T00324,F0151,D039,4159.2,2024-02-23 23:58:04,456.5
T00334,F0198,D033,150.6,2024-05-25 11:34:25,451.0
T00262,F0117,D007,142.0,2024-02-27 02:57:32,406.5
T00579,F0173,D046,89.7,2024-05-20 18:04:45,268.0
T00524,F0054,D050,144.5,2024-11-08 17:33:47,450.0
T00540,F0130,D042,189.0,2024-01-24 05:26:06,267.5
T00869,F0072,D004,45.3,2024-01-19 02:13:08,119.5
T00138,F0088,D015,167.1,2024-11-30 07:05:29,328.0
T00337,F0187,D046,149.4,2024-09-09 16:04:21,413.0
T00849,F0005,D004,98.4,2024-04-17 22:50:33,99.0
T00812,F0108,D025,1651.3,2024-06-13 13:00:26,384.0
T00885,F0015,D028,45.2,2024-09-26 18:50:16,111.5
T00612,F0035,D002,2148.0,2024-04-03 17:10:20,483.5
T00030,F0004,D029,156.9,2024-02-01 11:46:20,309.5
T00166,F0179,D042,176.2,2024-09-05 14:30:21,470.0
T00249,F0158,D026,169.8,2024-10-02 19:00:34,387.0
T00363,F0108,D049,126.5,2024-05-09 09:17:53,384.0
T00343,F0143,D010,192.7,2024-08-01 09:13:34,261.0
T00823,F0176,D011,81.3,2024-02-02 08:32:45,108.0
T00723,F0079,D021,73.7,2024-05-20 07:58:11,195.5
T00433,F0074,D021,177.9,2024-12-29 06:23:17,412.5
T00378,F0066,D048,2621.3,2024-06-20 00:38:32,283.0
T00680,F0059,D018,457.7,2024-07-27 07:26:27,46.5
T00905,F0105,D034,169.0,2024-08-23 22:58:06,456.0
T00066,F0160,D009,117.5,2024-12-01 19:18:53,371.0
T00831,F0019,D003,163.2,2024-10-22 09:45:06,230.0
T00937,F0098,D018,185.1,2024-10-11 21:27:25,228.0
T00366,F0185,D044,159.9,2024-06-29 16:35:57,147.5
T00255,F0120,D026,93.4,2024-07-22 17:41:05,281.0
T00757,F0169,D019,349.3,2024-11-19 02:06:28,44.5
T00443,F0093,D003,188.6,2024-11-16 17:45:34,386.5
T00222,F0069,D010,459.9,2024-08-08 04:29:42,60.5
T00236,F0051,D032,181.9,2024-07-23 21:22:54,485.5
T01065,F0152,D009,882.2,2024-05-16 19:09:40,139.0
T00918,F0101,D026,21.2,2024-07-15 23:57:11,40.0
T00306,F0088,D015,114.1,2024-02-23 16:12:07,328.0
T00583,F0073,D021,19.7,2024-11-28 02:23:12,27.5
T00621,F0146,D039,35.7,2024-10-27 06:34:40,42.5
T01021,F0190,D050,1054.4,2024-03-18 04:32:42,140.0
T00250,F0084,D019,320.9,2024-02-14 23:29:37,55.0
T00821,F0181,D027,126.9,2024-09-23 03:50:07,187.0
T00529,F0135,D018,174.6,2024-12-28 14:24:48,473.0
T00072,F0065,D010,115.9,2024-06-22 16:07:24,158.5
T00095,F0025,D044,109.1,2024-12-23 21:40:52,241.5
T00034,F0193,D038,200.0,2024-01-09 07:21:41,452.5
T00906,F0030,D048,25.2,2024-06-01 09:23:02,47.0
T00260,F0056,D023,183.3,2024-05-16 14:29:12,463.0
T00205,F0020,D004,174.2,2024-08-16 00:15:02,163.5
T00425,F0058,D037,47.2,2024-01-29 21:24:23,118.0
T00656,F0137,D021,105.5,2024-12-21 08:10:40,271.5
T00405,F0086,D036,91.4,2024-02-15 23:36:43,179.5
T00078,F0107,D003,165.8,2024-05-03 19:37:05,220.0
T00085,F0130,D030,166.7,2024-01-07 05:02:59,267.5
T00887,F0193,D047,142.4,2024-11-09 06:03:43,452.5
T00083,F0127,D038,190.1,2024-05-09 04:24:53,413.5
T00458,F0162,D016,110.1,2024-06-30 09:50:22,325.5
T00480,F0134,D009,112.5,2024-02-07 19:08:12,185.5
T00947,F0073,D003,27.3,2024-11-29 17:33:41,27.5
T00592,F0100,D005,48.6,2024-01-18 20:07:53,76.0
T00495,F0081,D047,178.3,2024-12-04 22:33:10,435.0
T00508,F0052,D047,175.8,2024-01-25 10:30:13,393.0
T00526,F0055,D006,191.8,2024-05-14 18:20:30,309.0
T00006,F0071,D008,180.6,2024-08-04 23:37:03,392.0
T00311,F0156,D040,108.9,2024-02-21 03:27:56,140.0
T00523,F0061,D026,110.2,2024-11-14 01:49:50,209.5
T00105,F0049,D025,163.7,2024-08-28 22:07:09,284.5
T00098,F0147,D007,112.0,2024-06-21 13:23:01,314.5
T00353,F0031,D037,1351.6,2024-06-11 00:41:29,313.5
T01000,F0060,D009,55.5,2024-02-17 10:01:35,179.5
T00315,F0042,D027,160.5,2024-05-21 17:30:59,260.0
T00599,F0060,D025,178.8,2024-06-23 10:40:08,179.5
T00808,F0181,D009,73.1,2024-05-01 21:06:09,187.0
T00982,F0193,D021,187.2,2024-12-25 21:20:11,452.5
T00282,F0118,D004,43.4,2024-06-24 05:10:47,113.5
T00597,F0022,D042,74.7,2024-10-10 11:28:14,91.5
T00267,F0037,D029,176.2,2024-09-21 18:37:26,169.5
T00535,F0038,D031,60.4,2024-02-09 07:08:47,71.5
T00559,F0138,D028,138.0,2024-07-19 08:45:49,359.0
T00537,F0151,D011,178.1,2024-06-07 06:39:08,456.5
T00502,F0180,D044,29.5,2024-04-04 07:26:08,90.5
T00990,F0148,D020,111.2,2024-06-29 04:42:11,264.0
T00595,F0158,D031,140.2,2024-01-13 13:47:25,387.0
T00119,F0041,D048,85.4,2024-01-20 07:07:31,83.0
T00482,F0082,D049,116.9,2024-02-26 06:40:09,321.0
T00251,F0044,D021,187.5,2024-03-07 23:58:26,457.0
T00450,F0125,D044,71.8,2024-06-06 23:03:24,133.5
T00286,F0036,D034,169.8,2024-07-22 06:21:53,409.0
T00486,F0122,D030,174.5,2024-02-28 02:13:39,450.5
T00010,F0188,D038,121.2,2024-06-15 18:59:01,288.5
T00645,F0033,D022,59.7,2024-04-27 23:55:01,56.0
T00197,F0030,D027,413.2,2024-05-11 21:04:17,47.0
T00690,F0043,D006,45.4,2024-09-11 03:15:30,41.5
T00082,F0057,D003,47.0,2024-02-19 06:42:01,67.0
T00494,F0181,D008,140.1,2024-06-11 00:26:12,187.0
T00935,F0053,D047,151.2,2024-04-10 22:21:24,471.5
T00751,F0118,D025,108.1,2024-04-19 02:35:12,113.5
T00240,F0157,D049,131.4,2024-04-09 11:36:51,344.5
T00382,F0118,D047,41.2,2024-06-14 02:37:25,113.5
T00212,F0022,D043,43.8,2024-07-06 12:19:51,91.5
T00815,F0041,D036,57.4,2024-03-06 01:17:57,83.0
T00755,F0047,D036,183.8,2024-01-11 16:52:34,173.0
T00550,F0068,D042,162.8,2024-07-30 05:55:39,406.0
T00228,F0022,D037,33.6,2024-08-19 19:12:30,91.5
T00970,F0179,D043,191.1,2024-05-26 09:08:08,470.0
T00979,F0032,D005,80.0,2024-08-18 02:52:06,106.0
T00449,F0014,D020,62.5,2024-07-06 19:22:19,126.0
T00901,F0066,D016,154.1,2024-08-03 04:01:49,283.0
T00178,F0073,D048,19.8,2024-06-12 17:38:12,27.5
T01040,F0130,D015,1335.2,2024-11-07 18:16:27,267.5
T00623,F0048,D010,143.3,2024-09-13 15:37:32,272.0
T00671,F0158,D005,172.2,2024-11-13 22:16:28,387.0
T01011,F0010,D050,1519.2,2024-03-18 04:39:10,361.5
T00465,F0123,D033,1142.5,2024-06-30 13:01:56,176.0
T00829,F0117,D008,182.5,2024-04-14 06:54:20,406.5
T00519,F0089,D032,165.7,2024-05-03 09:02:02,446.5
T00008,F0083,D015,130.6,2024-10-28 11:59:16,182.0
T01067,F0094,D009,1779.7,2024-05-16 19:24:54,291.5
T00156,F0167,D048,75.2,2024-10-09 10:23:41,177.5
T00358,F0004,D031,160.9,2024-01-18 03:46:12,309.5
T00616,F0088,D026,122.2,2024-06-19 17:25:47,328.0
T00224,F0105,D002,184.0,2024-02-05 21:14:36,456.0
T00330,F0024,D033,176.3,2024-02-27 11:23:20,199.0
T00568,F0088,D011,168.1,2024-06-06 16:45:24,328.0
T00517,F0037,D015,155.4,2024-04-25 19:58:07,169.5
T00882,F0130,D038,142.4,2024-03-29 02:15:05,267.5
T00934,F0131,D023,1479.7,2024-07-22 08:45:47,223.5
T01046,F0107,D015,1752.6,2024-11-07 18:11:51,220.0
T00705,F0139,D026,70.0,2024-12-26 23:44:31,197.5
T00441,F0198,D040,193.7,2024-10-07 02:47:03,451.0
T00717,F0198,D036,163.2,2024-05-26 01:13:59,451.0
T01039,F0030,D015,371.1,2024-11-07 18:06:50,47.0
T00984,F0013,D021,146.3,2024-06-25 02:00:32,420.5
T00532,F0063,D004,192.9,2024-09-17 09:18:18,418.5
T00631,F0113,D012,172.3,2024-10-20 05:40:03,466.5
T01024,F0150,D050,755.7,2024-03-18 04:54:25,157.5
T00665,F0057,D032,54.5,2024-10-08 06:02:55,67.0
T00803,F0170,D040,155.2,2024-06-01 16:46:31,305.5
T00758,F0016,D027,78.3,2024-09-18 14:36:22,112.0
T00164,F0127,D018,197.6,2024-03-14 23:08:38,413.5
T00229,F0031,D004,110.7,2024-03-01 16:06:35,313.5
T00466,F0023,D020,52.2,2024-07-12 09:49:37,164.0
T00828,F0060,D036,70.1,2024-07-17 15:03:24,179.5
T00213,F0070,D007,192.0,2024-05-16 05:17:56,494.0
T00868,F0028,D022,162.2,2024-12-13 12:07:31,269.5
T00080,F0065,D025,148.1,2024-09-15 00:01:41,158.5
T00149,F0090,D030,162.6,2024-12-19 10:06:25,249.5
T00303,F0195,D033,58.4,2024-05-20 18:28:56,186.0
T00463,F0092,D037,137.6,2024-10-07 07:24:14,364.0
T00576,F0150,D043,74.7,2024-11-16 21:10:56,157.5
T00746,F0075,D021,195.2,2024-08-22 12:20:11,361.0
T00452,F0148,D029,1686.9,2024-06-10 15:52:31,264.0
T00044,F0002,D026,186.3,2024-11-12 04:59:06,476.5
T00614,F0173,D039,164.5,2024-09-18 05:42:51,268.0
T00134,F0011,D011,36.1,2024-04-10 01:08:05,35.0
T00627,F0140,D036,148.5,2024-07-11 17:31:14,486.5
T00479,F0182,D040,62.3,2024-09-21 11:46:29,79.0
T00904,F0140,D043,162.3,2024-12-06 09:18:03,486.5
T00312,F0075,D010,124.9,2024-03-04 06:15:13,361.0
T00409,F0068,D005,135.3,2024-06-24 19:20:35,406.0
T00544,F0128,D027,3846.6,2024-12-08 21:07:08,434.0
T00693,F0010,D031,166.7,2024-01-23 01:01:44,361.5
T00546,F0017,D032,177.9,2024-03-13 14:33:00,169.5
T00893,F0155,D011,166.2,2024-06-20 04:01:26,493.0
T00853,F0100,D026,303.6,2024-07-09 08:05:09,76.0
T00001,F0079,D031,174.8,2024-02-14 13:22:09,195.5
T01058,F0045,D009,721.5,2024-05-16 19:35:56,148.0
T00361,F0067,D016,699.2,2024-10-11 21:30:19,92.0
T00383,F0050,D039,50.2,2024-11-15 14:46:34,113.0
T00317,F0018,D049,174.6,2024-10-17 22:51:57,274.5
T00802,F0152,D041,108.1,2024-05-01 23:08:16,139.0
T00785,F0081,D029,135.2,2024-05-04 02:27:06,435.0
T00454,F0064,D021,160.1,2024-11-30 19:37:22,194.5
T00606,F0061,D020,155.2,2024-06-29 01:30:32,209.5
T01038,F0192,D015,2857.5,2024-11-07 18:15:53,451.0
T00678,F0128,D001,168.7,2024-07-25 22:34:47,434.0
T00173,F0041,D010,60.8,2024-02-20 17:36:52,83.0
T00451,F0092,D005,114.6,2024-09-24 16:20:37,364.0
T00126,F0089,D041,193.6,2024-02-07 23:38:00,446.5
T00585,F0066,D038,95.4,2024-07-09 02:12:24,283.0
T00536,F0048,D009,195.8,2024-01-03 06:17:40,272.0
T00629,F0100,D034,65.1,2024-05-04 00:49:13,76.0
T01020,F0103,D050,904.0,2024-03-18 04:28:07,174.5
T00091,F0155,D035,197.6,2024-05-27 19:56:39,493.0
T01043,F0101,D015,168.9,2024-11-07 18:14:58,40.0
T00182,F0109,D040,117.7,2024-01-18 02:11:29,133.5
T00364,F0085,D023,98.5,2024-07-31 07:13:01,172.5
T00533,F0146,D015,20.7,2024-09-05 00:04:27,42.5
T00275,F0007,D004,50.7,2024-05-23 10:53:00,52.5
T01001,F0178,D050,1520.9,2024-03-18 04:25:24,208.5
T01010,F0062,D050,691.5,2024-03-18 04:31:28,154.0
T00070,F0169,D047,43.2,2024-04-26 04:44:31,44.5
T00292,F0066,D025,1348.2,2024-04-20 14:26:30,283.0
T00132,F0200,D035,197.7,2024-12-06 15:12:17,395.5
T00301,F0084,D048,56.6,2024-09-23 10:31:32,55.0
T00916,F0114,D005,143.0,2024-01-06 14:33:50,409.0
T00327,F0123,D046,125.4,2024-11-24 18:17:14,176.0
T00145,F0103,D024,146.6,2024-02-12 07:51:31,174.5
T00731,F0024,D019,114.1,2024-06-09 22:59:21,199.0
T00870,F0034,D030,149.7,2024-01-07 13:45:11,475.5
T01019,F0012,D050,3140.2,2024-03-18 04:44:11,485.5
T00136,F0022,D022,35.8,2024-11-08 13:59:26,91.5
T00339,F0092,D031,3209.7,2024-09-27 13:51:40,364.0
T00761,F0108,D025,2359.1,2024-01-29 23:24:18,384.0
T00165,F0072,D030,99.2,2024-02-05 20:27:29,119.5
T00029,F0109,D018,97.7,2024-07-13 14:44:19,133.5
T00738,F0175,D005,124.7,2024-05-20 11:55:41,331.5
T00194,F0121,D042,190.5,2024-09-10 00:58:58,408.5
T01032,F0199,D015,2269.0,2024-11-07 18:01:46,446.5
T01007,F0075,D050,2084.3,2024-03-18 04:08:47,361.0
T00434,F0199,D023,168.2,2024-12-31 15:51:41,446.5
T00763,F0033,D035,58.2,2024-07-15 23:58:19,56.0
T00170,F0192,D036,173.2,2024-03-21 16:50:47,451.0
T00573,F0131,D030,198.5,2024-10-17 15:23:37,223.5
T00141,F0111,D026,83.2,2024-01-06 15:43:52,162.5
T00174,F0096,D012,158.6,2024-02-12 22:35:16,259.5
T00007,F0172,D039,30.8,2024-08-19 18:18:17,33.0
T00729,F0199,D036,3205.2,2024-02-06 09:25:18,446.5
T00686,F0168,D023,106.2,2024-04-14 01:38:49,113.5
T00951,F0039,D046,167.3,2024-10-14 21:30:21,350.0
T00492,F0178,D037,127.9,2024-04-26 16:15:02,208.5
T00788,F0169,D007,41.9,2024-09-20 05:23:45,44.5
T00074,F0153,D035,62.4,2024-05-26 17:51:09,94.0
T01031,F0033,D015,336.5,2024-11-07 18:26:30,56.0
T00531,F0139,D048,92.9,2024-08-16 03:39:24,197.5
T00239,F0192,D020,184.9,2024-03-23 06:50:36,451.0
T00146,F0091,D031,65.2,2024-01-10 23:14:47,82.0
T00896,F0037,D014,172.5,2024-02-03 21:59:27,169.5
T00235,F0010,D019,170.5,2024-09-20 15:26:56,361.5
T00221,F0125,D022,40.7,2024-05-16 13:46:31,133.5
T00215,F0099,D037,35.0,2024-03-29 01:57:19,37.0
T00750,F0025,D037,103.3,2024-10-30 22:31:45,241.5
T00133,F0009,D034,190.8,2024-07-14 03:03:58,310.5
T01073,F0080,D009,554.4,2024-05-16 19:29:49,80.0
T00588,F0160,D030,1262.9,2024-08-07 06:01:59,371.0
T00883,F0140,D029,146.4,2024-01-04 20:33:38,486.5
T00423,F0014,D046,86.0,2024-10-06 10:21:03,126.0
T00186,F0124,D044,53.6,2024-02-12 04:16:37,77.5
T00042,F0126,D011,122.6,2024-05-08 07:59:34,228.0
T00109,F0052,D030,141.5,2024-12-16 05:52:50,393.0
T00833,F0004,D007,181.8,2024-10-13 01:54:42,309.5
T00543,F0084,D003,57.0,2024-12-20 21:55:04,55.0
T00793,F0043,D041,26.8,2024-09-12 12:33:13,41.5
T00484,F0157,D003,116.6,2024-01-16 08:42:16,344.5
T00469,F0176,D004,56.7,2024-01-20 21:04:14,108.0
T00025,F0188,D004,176.5,2024-03-05 16:30:44,288.5
T00534,F0008,D007,153.8,2024-06-09 18:14:52,436.5
T00549,F0129,D022,176.1,2024-04-20 18:18:24,28.5
T00605,F0096,D001,80.6,2024-10-20 22:06:10,259.5
T00787,F0199,D002,156.6,2024-11-26 00:55:52,446.5
T00367,F0012,D031,155.5,2024-09-02 14:12:17,485.5
T00667,F0118,D023,46.7,2024-03-06 23:40:14,113.5
T00384,F0149,D019,18.9,2024-05-04 23:54:27,49.5
T00455,F0191,D047,39.8,2024-11-30 13:01:35,69.0
T00265,F0062,D050,107.1,2024-09-01 02:54:24,154.0
T00790,F0187,D036,149.1,2024-03-03 10:34:22,413.0
T00775,F0002,D037,168.4,2024-03-27 02:09:54,476.5
T00445,F0007,D050,26.9,2024-08-12 05:53:51,52.5
T00396,F0098,D009,99.5,2024-01-27 08:39:37,228.0
T00177,F0170,D012,97.3,2024-04-13 07:24:16,305.5
T00019,F0114,D045,157.8,2024-11-30 02:06:55,409.0
T00569,F0127,D046,147.6,2024-10-26 05:26:19,413.5
T00877,F0169,D042,15.2,2024-03-05 12:48:20,44.5
T00062,F0138,D027,152.2,2024-11-20 10:11:27,359.0
T00273,F0090,D004,138.3,2024-05-16 22:20:21,249.5
T00999,F0176,D016,72.3,2024-02-07 00:54:12,108.0
T00279,F0176,D048,35.9,2024-12-14 04:10:36,108.0
T00668,F0113,D035,151.0,2024-07-08 21:26:16,466.5
T00369,F0156,D030,74.9,2024-01-15 14:42:50,140.0
T01009,F0114,D050,2992.8,2024-03-18 04:22:38,409.0
T00661,F0003,D010,140.9,2024-03-17 10:38:23,372.5
T00622,F0057,D021,36.3,2024-04-02 06:06:20,67.0
T00548,F0057,D020,52.4,2024-08-08 19:47:17,67.0
T00695,F0047,D028,160.5,2024-09-07 16:58:16,173.0
T00714,F0071,D039,197.4,2024-06-03 07:32:25,392.0
T00457,F0054,D033,141.9,2024-08-06 08:58:07,450.0
T00394,F0005,D002,96.9,2024-02-25 16:48:03,99.0
T00722,F0080,D041,71.3,2024-03-01 03:57:53,80.0
T00762,F0014,D039,96.5,2024-07-05 08:47:28,126.0
T00376,F0031,D042,123.0,2024-05-09 03:45:44,313.5
T00413,F0197,D036,136.8,2024-07-29 19:24:12,370.0
T00075,F0197,D021,127.8,2024-12-03 23:16:30,370.0
T00995,F0021,D016,1821.6,2024-05-18 09:45:46,315.5
T00501,F0186,D050,139.0,2024-11-22 22:14:45,338.5
T00838,F0160,D014,176.7,2024-11-11 02:17:49,371.0
T00115,F0006,D037,75.2,2024-05-19 15:44:30,99.0
T00418,F0053,D009,187.7,2024-04-02 04:32:28,471.5
T00090,F0184,D022,178.0,2024-11-27 06:23:49,441.5
T01030,F0198,D015,2424.6,2024-11-07 18:38:36,451.0
T00980,F0115,D028,3178.3,2024-09-14 12:25:29,326.0
T01016,F0137,D050,2072.4,2024-03-18 04:18:46,271.5
T00698,F0120,D014,184.7,2024-12-16 06:28:22,281.0
T00012,F0168,D048,120.0,2024-02-08 18:55:26,113.5
T00397,F0099,D042,21.8,2024-05-22 12:25:43,37.0
T00696,F0165,D037,73.4,2024-11-29 10:46:10,68.0
T00899,F0071,D028,182.8,2024-05-02 09:23:11,392.0
T00043,F0169,D032,37.0,2024-04-22 04:23:04,44.5
T00168,F0126,D016,172.0,2024-02-19 03:41:44,228.0
T00417,F0040,D015,198.1,2024-02-17 09:10:48,234.0
T00989,F0058,D023,55.0,2024-10-26 10:03:32,118.0
T00427,F0128,D030,166.3,2024-09-21 09:04:30,434.0
T00545,F0024,D003,115.4,2024-11-20 23:58:43,199.0
T01018,F0080,D050,331.1,2024-03-18 04:42:16,80.0
T01056,F0143,D009,1556.0,2024-05-16 19:06:09,261.0
T01037,F0160,D015,2269.7,2024-11-07 18:52:20,371.0
T00848,F0068,D049,154.0,2024-11-01 09:10:16,406.0
T00258,F0093,D033,1468.0,2024-09-03 04:04:54,386.5
T00336,F0127,D021,131.5,2024-12-27 17:55:34,413.5
T00016,F0136,D001,117.9,2024-06-07 21:39:35,178.5
T00716,F0174,D029,64.0,2024-07-09 18:45:20,132.5
T00325,F0145,D004,109.9,2024-09-06 06:13:18,160.5
T00859,F0172,D021,10.0,2024-08-14 06:13:07,33.0
T00223,F0033,D005,50.0,2024-02-25 08:22:03,56.0
T00180,F0177,D050,154.2,2024-05-20 20:26:52,353.0
T00100,F0081,D021,134.4,2024-11-05 10:35:41,435.0
T00522,F0198,D037,170.4,2024-09-20 00:34:35,451.0
T00023,F0037,D015,71.0,2024-09-08 18:23:35,169.5
T00357,F0016,D033,35.4,2024-08-03 11:04:14,112.0
T00759,F0030,D041,23.2,2024-04-27 20:36:17,47.0
T00975,F0172,D034,28.4,2024-06-09 15:58:06,33.0
T00897,F0155,D009,154.3,2024-10-19 11:18:06,493.0
T00341,F0141,D040,194.8,2024-01-03 06:56:40,482.0
T00432,F0159,D010,59.6,2024-04-28 08:38:46,138.0
T00765,F0078,D024,61.0,2024-09-29 17:42:19,60.0
T00944,F0190,D017,53.5,2024-10-27 13:56:53,140.0
T00204,F0118,D024,45.8,2024-11-11 12:14:17,113.5
T00718,F0003,D044,170.1,2024-08-15 18:45:06,372.5
T00094,F0013,D040,143.5,2024-01-27 19:43:39,420.5
T00636,F0165,D025,34.3,2024-04-04 13:36:19,68.0
T00069,F0040,D018,70.5,2024-11-14 22:04:31,234.0
T00709,F0179,D009,4662.1,2024-11-03 05:58:34,470.0
T00285,F0019,D046,198.8,2024-06-19 06:12:10,230.0
T00909,F0189,D016,157.7,2024-07-13 06:26:48,276.5
T00435,F0182,D019,28.7,2024-11-24 18:40:25,79.0
T00154,F0014,D024,133.5,2024-09-17 15:23:04,126.0
T00076,F0001,D045,140.4,2024-04-02 23:49:44,203.0
T01075,F0191,D009,455.2,2024-05-16 19:11:53,69.0
T00581,F0011,D036,24.7,2024-12-16 21:31:39,35.0
T00447,F0078,D040,19.5,2024-09-05 09:49:46,60.0
T00189,F0131,D009,1647.2,2024-04-17 01:20:05,223.5
T00272,F0023,D020,85.2,2024-11-05 12:19:50,164.0
T00237,F0077,D003,2257.7,2024-03-26 21:22:50,391.5
T00488,F0039,D040,1448.1,2024-05-03 22:54:54,350.0
T01041,F0147,D015,1593.3,2024-11-07 18:55:43,314.5
T00560,F0181,D026,69.8,2024-09-17 03:55:00,187.0
T00118,F0129,D037,24.2,2024-12-02 05:00:45,28.5
T00925,F0056,D038,185.5,2024-09-03 14:03:03,463.0
T00513,F0031,D044,186.0,2024-10-27 01:27:58,313.5
T00630,F0141,D027,161.2,2024-02-28 04:48:32,482.0
T00977,F0024,D006,73.1,2024-08-13 19:10:28,199.0
T00127,F0082,D042,128.3,2024-01-16 13:26:42,321.0
T00117,F0013,D043,146.5,2024-06-02 23:10:36,420.5
T00474,F0039,D024,143.3,2024-10-23 21:39:39,350.0
T00786,F0012,D003,184.3,2024-11-10 21:28:48,485.5
T00058,F0023,D015,169.0,2024-11-23 00:28:09,164.0
T00604,F0197,D009,3644.9,2024-10-09 22:07:46,370.0
T00824,F0051,D049,161.5,2024-03-26 21:29:02,485.5
T00106,F0011,D032,247.9,2024-12-20 18:10:59,35.0
T00370,F0158,D003,1701.4,2024-11-03 11:40:20,387.0
T00269,F0127,D040,189.7,2024-05-05 18:31:08,413.5
T00047,F0060,D050,1625.3,2024-06-06 05:11:04,179.5
T00350,F0142,D041,109.9,2024-07-19 09:38:59,144.5
T00196,F0079,D028,184.2,2024-06-24 14:47:48,195.5
T00103,F0083,D044,775.4,2024-11-04 00:49:00,182.0
T00945,F0057,D037,58.8,2024-09-19 01:15:28,67.0
T00924,F0034,D010,161.4,2024-07-27 13:31:07,475.5
T00784,F0046,D007,172.7,2024-06-19 10:00:09,339.5
T00836,F0073,D006,27.3,2024-06-19 18:25:41,27.5
T00264,F0175,D049,107.0,2024-09-11 19:47:12,331.5
T00851,F0031,D016,169.4,2024-02-27 01:05:15,313.5
T00444,F0107,D006,193.1,2024-01-18 21:44:04,220.0
T00768,F0072,D043,69.8,2024-09-15 09:23:45,119.5
T00305,F0047,D022,119.2,2024-10-24 19:05:36,173.0
T00342,F0079,D002,89.1,2024-04-09 15:23:02,195.5
T00685,F0066,D040,114.0,2024-07-23 16:55:31,283.0
T00314,F0130,D011,1622.0,2024-10-07 07:54:45,267.5
T00150,F0101,D042,15.7,2024-06-07 19:35:35,40.0
T00125,F0037,D043,164.6,2024-09-21 16:01:45,169.5
T00890,F0182,D049,310.6,2024-12-05 20:54:20,79.0
T00964,F0039,D050,123.6,2024-10-28 13:46:52,350.0
T00051,F0093,D032,153.1,2024-08-31 03:13:55,386.5
T00354,F0025,D043,139.2,2024-02-03 11:58:47,241.5
T01034,F0096,D015,1068.4,2024-11-07 18:55:20,259.5
T00143,F0042,D048,110.0,2024-09-18 08:40:13,260.0
T00471,F0180,D044,47.9,2024-07-02 00:11:14,90.5
T00654,F0075,D032,1332.2,2024-06-30 05:28:21,361.0
T00400,F0069,D024,55.1,2024-06-21 15:48:50,60.5
T00712,F0040,D015,80.1,2024-11-21 23:00:51,234.0
T00321,F0184,D029,184.4,2024-06-28 13:10:09,441.5
T00020,F0066,D044,191.2,2024-03-31 21:40:03,283.0
T00915,F0057,D050,21.0,2024-01-29 14:19:59,67.0
T00894,F0020,D014,1346.9,2024-09-01 04:07:48,163.5
T00914,F0135,D044,186.2,2024-03-08 08:20:09,473.0
T00408,F0049,D032,99.5,2024-03-18 23:47:50,284.5
T00538,F0039,D031,2643.8,2024-07-04 16:08:33,350.0
T00707,F0082,D025,2977.5,2024-09-20 04:25:23,321.0
T00039,F0084,D028,52.3,2024-09-03 18:37:20,55.0
T00176,F0077,D016,144.1,2024-08-16 22:30:25,391.5
T00246,F0087,D048,150.0,2024-01-17 16:17:08,371.5
T00938,F0105,D050,138.7,2024-12-15 17:39:07,456.0
T00760,F0067,D043,80.2,2024-03-01 02:43:08,92.0
T00854,F0154,D041,154.3,2024-04-14 14:37:31,257.5
T00972,F0147,D034,138.7,2024-04-02 17:52:58,314.5
T00155,F0136,D045,113.5,2024-07-29 00:57:32,178.5
T00639,F0097,D035,179.9,2024-10-08 15:37:08,273.5
T00663,F0114,D032,173.3,2024-08-02 02:21:37,409.0
T00288,F0006,D025,91.0,2024-06-08 00:00:24,99.0
T00626,F0171,D012,169.2,2024-08-31 08:40:44,347.0
T00689,F0168,D045,61.2,2024-03-28 23:08:31,113.5
T00570,F0038,D008,73.8,2024-09-05 07:13:15,71.5
T00843,F0136,D023,93.7,2024-07-25 23:12:59,178.5
T00018,F0155,D015,3918.7,2024-04-22 03:19:55,493.0
T00128,F0079,D029,140.6,2024-01-14 04:58:47,195.5
T00323,F0126,D027,175.9,2024-03-04 04:29:29,228.0
T00256,F0143,D020,119.6,2024-10-16 21:24:17,261.0
T00747,F0136,D013,98.5,2024-07-05 06:41:39,178.5
T01059,F0140,D009,2876.2,2024-05-16 19:22:38,486.5
T00191,F0092,D025,157.4,2024-08-20 06:05:44,364.0
T00116,F0132,D045,41.5,2024-04-24 21:45:00,130.5
T01025,F0144,D050,1025.3,2024-03-18 04:43:03,168.0
T00607,F0019,D035,138.7,2024-06-13 23:09:35,230.0
T00181,F0067,D007,64.7,2024-06-24 18:59:45,92.0
T00302,F0199,D006,3435.0,2024-09-08 03:23:15,446.5
T00860,F0105,D050,183.1,2024-11-25 06:10:18,456.0
T00810,F0057,D045,47.5,2024-02-25 03:33:25,67.0
T00822,F0052,D046,154.3,2024-11-22 10:21:32,393.0
T00778,F0111,D023,111.6,2024-01-10 18:56:25,162.5
T00754,F0135,D035,181.5,2024-03-11 03:02:35,473.0
T00518,F0195,D046,155.3,2024-03-21 17:58:08,186.0
T00373,F0127,D035,143.3,2024-07-03 02:24:20,413.5
T00046,F0046,D017,113.2,2024-05-05 19:07:48,339.5
T00477,F0082,D019,136.4,2024-01-29 19:21:56,321.0
T00158,F0157,D032,142.8,2024-08-27 08:17:40,344.5
T00844,F0047,D035,96.7,2024-03-06 15:23:26,173.0
T00172,F0166,D039,147.0,2024-01-02 08:25:45,422.0
T00017,F0174,D039,70.7,2024-07-01 17:54:06,132.5
T00512,F0091,D035,60.4,2024-05-13 04:43:08,82.0
T00049,F0098,D030,75.5,2024-06-09 17:44:47,228.0
T00192,F0060,D030,140.8,2024-07-15 14:04:39,179.5
T00952,F0010,D015,131.1,2024-05-05 05:24:43,361.5
T00516,F0017,D016,126.5,2024-04-18 14:31:41,169.5
T00973,F0067,D004,80.0,2024-02-25 13:01:01,92.0
T00939,F0160,D028,157.8,2024-04-15 21:02:34,371.0
T00481,F0169,D022,426.0,2024-08-04 21:22:10,44.5
T00284,F0102,D042,1072.2,2024-03-08 06:21:56,327.5
T01015,F0171,D050,1627.9,2024-03-18 04:14:39,347.0
T00744,F0157,D029,145.0,2024-05-10 05:58:03,344.5
T00226,F0133,D022,48.9,2024-03-02 09:09:38,82.0
T00027,F0187,D019,133.4,2024-06-19 19:12:24,413.0
T00886,F0056,D005,162.3,2024-03-30 03:56:22,463.0
T00438,F0094,D040,97.9,2024-07-26 10:22:32,291.5
T01048,F0059,D015,245.1,2024-11-07 18:50:23,46.5
T00365,F0077,D042,186.0,2024-03-09 05:56:56,391.5
T00230,F0008,D040,177.5,2024-01-20 13:49:12,436.5
T00038,F0017,D018,186.1,2024-03-11 17:36:05,169.5
T00670,F0021,D034,183.0,2024-01-14 09:15:36,315.5
T01060,F0169,D009,341.4,2024-05-16 19:13:45,44.5
T00375,F0021,D023,176.9,2024-12-01 01:42:48,315.5
T00470,F0109,D039,130.1,2024-12-08 21:59:59,133.5
T01061,F0014,D009,910.4,2024-05-16 19:23:15,126.0
T00688,F0140,D030,159.1,2024-08-07 16:12:07,486.5
T00963,F0117,D024,197.8,2024-08-18 00:57:33,406.5
T00799,F0084,D035,32.6,2024-03-13 20:35:31,55.0
T00825,F0195,D018,133.3,2024-03-28 13:41:33,186.0
T00195,F0015,D036,110.6,2024-10-07 04:42:53,111.5
T00968,F0059,D041,39.8,2024-11-22 07:23:48,46.5
T00978,F0111,D009,155.4,2024-09-04 17:16:50,162.5
T00504,F0154,D029,128.6,2024-05-02 01:49:33,257.5
T01062,F0069,D009,415.5,2024-05-16 19:54:46,60.5
T00941,F0012,D041,172.6,2024-01-31 04:20:41,485.5
T00580,F0078,D037,21.0,2024-02-13 19:51:42,60.0
T00161,F0101,D016,23.6,2024-11-28 11:22:25,40.0
T00681,F0107,D002,175.0,2024-07-14 06:59:33,220.0
T01006,F0187,D050,1978.7,2024-03-18 04:44:05,413.0
T00163,F0052,D042,122.9,2024-05-19 13:04:57,393.0
T00706,F0153,D011,46.3,2024-08-07 06:28:17,94.0
T00797,F0045,D014,133.5,2024-04-18 08:21:42,148.0
T00153,F0046,D035,140.0,2024-02-22 22:28:50,339.5
T00774,F0001,D034,141.7,2024-08-04 22:52:32,203.0
T00794,F0091,D002,64.9,2024-10-13 14:57:27,82.0
T00856,F0079,D050,115.6,2024-02-06 09:42:22,195.5
T00112,F0039,D028,128.8,2024-09-25 08:11:17,350.0
T00227,F0031,D047,2645.3,2024-05-06 05:28:03,313.5
T00781,F0057,D047,364.4,2024-02-25 06:30:30,67.0
T00104,F0014,D012,99.2,2024-01-31 22:02:18,126.0
T00422,F0177,D006,135.0,2024-01-26 18:49:00,353.0
T00420,F0166,D024,185.6,2024-06-30 18:32:17,422.0
T00850,F0136,D009,177.3,2024-09-29 15:46:08,178.5
T00587,F0157,D030,153.0,2024-02-21 11:48:37,344.5
T00884,F0161,D022,76.7,2024-11-13 14:00:29,199.5
T00673,F0008,D041,135.7,2024-03-31 03:06:56,436.5
T00120,F0199,D048,189.0,2024-07-12 03:50:01,446.5
T00054,F0080,D045,31.8,2024-07-07 11:50:29,80.0
T00152,F0038,D032,27.0,2024-02-15 08:19:16,71.5
T00404,F0076,D012,157.3,2024-07-13 01:25:36,371.5
T01068,F0008,D009,3423.1,2024-05-16 19:25:30,436.5
T00208,F0090,D049,183.5,2024-06-13 12:03:25,249.5
T00659,F0045,D017,155.1,2024-08-03 03:14:15,148.0
T01033,F0166,D015,2226.3,2024-11-07 18:14:57,422.0
T00929,F0109,D028,88.5,2024-02-15 07:04:23,133.5
T00009,F0082,D029,142.2,2024-12-19 01:52:28,321.0
T00913,F0065,D037,93.9,2024-06-12 16:43:56,158.5
T00037,F0171,D031,166.6,2024-07-20 19:05:36,347.0
T00453,F0069,D014,47.6,2024-05-12 08:49:28,60.5
T00652,F0054,D030,177.2,2024-07-26 11:58:46,450.0
T00254,F0077,D007,153.4,2024-04-04 17:52:26,391.5
T00304,F0184,D020,4264.1,2024-03-11 06:10:19,441.5
T00846,F0106,D018,102.1,2024-11-29 11:17:47,143.5
T00572,F0065,D015,108.2,2024-02-22 02:57:04,158.5
T00624,F0185,D027,76.7,2024-04-26 22:52:18,147.5
T00957,F0191,D003,24.5,2024-06-04 22:53:25,69.0
T00817,F0126,D029,75.5,2024-08-28 19:19:10,228.0
T00855,F0031,D025,102.0,2024-06-24 18:52:05,313.5
T00263,F0020,D012,69.0,2024-08-22 04:45:55,163.5
T00611,F0016,D043,88.7,2024-06-12 01:36:20,112.0
T00298,F0172,D006,24.7,2024-04-30 11:30:44,33.0
T00415,F0200,D046,3125.1,2024-12-26 09:17:25,395.5
T00151,F0089,D003,154.1,2024-01-15 16:50:31,446.5
T00933,F0178,D045,85.1,2024-01-05 15:47:43,208.5
T00779,F0130,D019,2526.2,2024-06-10 19:10:19,267.5
T00641,F0114,D039,125.8,2024-08-22 09:38:26,409.0
T01004,F0189,D050,1392.3,2024-03-18 04:55:29,276.5
T00551,F0166,D009,163.6,2024-11-26 18:27:06,422.0
T00895,F0001,D027,156.4,2024-08-27 12:14:40,203.0
T00489,F0146,D040,41.4,2024-10-14 08:57:21,42.5
T00711,F0023,D023,62.0,2024-01-22 02:29:13,164.0
T00148,F0017,D015,59.4,2024-09-08 18:33:27,169.5
T00147,F0096,D036,189.6,2024-05-07 15:14:24,259.5
T00873,F0073,D009,22.6,2024-12-08 20:12:47,27.5
T00346,F0152,D008,68.2,2024-01-19 19:03:25,139.0
T00912,F0114,D009,189.2,2024-05-30 11:35:37,409.0
T00998,F0012,D029,186.3,2024-08-04 03:51:52,485.5
T00660,F0114,D038,155.0,2024-10-06 20:59:51,409.0
T00771,F0003,D049,3635.6,2024-05-09 00:42:18,372.5
T00349,F0008,D032,2947.4,2024-08-20 00:00:39,436.5
T00464,F0062,D049,107.6,2024-03-03 03:10:44,154.0
T00326,F0049,D024,192.5,2024-08-03 14:41:39,284.5
T00187,F0173,D029,188.0,2024-01-29 18:58:59,268.0
T00124,F0164,D044,2249.0,2024-10-20 16:29:27,279.5
T00967,F0069,D002,44.4,2024-03-31 17:41:46,60.5
T00609,F0002,D010,153.7,2024-04-17 07:14:30,476.5
T00144,F0021,D025,161.9,2024-11-15 15:29:05,315.5
T00752,F0144,D026,65.7,2024-05-22 00:11:29,168.0
T01055,F0172,D009,203.6,2024-05-16 19:11:59,33.0
T00198,F0049,D026,2306.5,2024-06-10 19:18:16,284.5
T00610,F0064,D047,74.4,2024-10-24 12:52:59,194.5
T00280,F0028,D037,103.2,2024-09-10 09:33:55,269.5
T00294,F0093,D010,122.8,2024-05-09 17:09:33,386.5
T00942,F0197,D033,115.9,2024-05-20 02:35:52,370.0
T00401,F0145,D037,116.2,2024-02-23 17:24:41,160.5
T00123,F0018,D041,2016.5,2024-03-15 02:09:30,274.5
T00184,F0089,D042,1529.6,2024-01-13 08:20:42,446.5
T00203,F0022,D028,81.9,2024-02-07 18:02:44,91.5
T00439,F0078,D042,46.4,2024-03-06 17:48:01,60.0
T00247,F0019,D030,815.4,2024-12-23 23:51:22,230.0
T00416,F0030,D012,27.7,2024-11-04 11:47:11,47.0
T00880,F0066,D006,95.9,2024-09-30 12:56:28,283.0
T00867,F0102,D037,147.6,2024-11-27 07:09:15,327.5
T01023,F0162,D050,1800.7,2024-03-18 04:28:37,325.5
T00940,F0112,D017,109.6,2024-10-03 21:20:01,101.5
T01002,F0102,D050,2209.0,2024-03-18 04:44:00,327.5
T00130,F0032,D019,872.6,2024-05-07 03:14:34,106.0
T00638,F0155,D029,167.2,2024-11-25 05:51:19,493.0
T00403,F0188,D016,89.5,2024-02-14 07:25:03,288.5
T00888,F0017,D021,170.4,2024-05-22 23:55:23,169.5
T00874,F0036,D011,194.8,2024-12-05 20:12:59,409.0
T00736,F0055,D010,110.6,2024-01-25 19:41:33,309.0
T01028,F0137,D015,1860.7,2024-11-07 18:32:44,271.5
T00220,F0040,D018,169.2,2024-09-30 03:37:38,234.0
T00642,F0185,D005,139.1,2024-03-14 07:48:32,147.5
T00002,F0088,D026,105.9,2024-07-10 05:24:36,328.0
T00852,F0093,D016,186.9,2024-10-22 23:26:53,386.5
T00911,F0128,D001,195.4,2024-05-20 11:40:45,434.0
T00081,F0073,D042,19.1,2024-02-29 07:43:27,27.5
T00625,F0186,D036,188.2,2024-08-18 00:44:14,338.5
T00950,F0011,D003,33.0,2024-08-02 23:04:23,35.0
T00862,F0189,D045,182.5,2024-05-19 08:52:40,276.5
T00387,F0130,D011,133.4,2024-09-25 03:04:26,267.5
T01064,F0082,D009,1360.5,2024-05-16 19:10:05,321.0
T00807,F0135,D040,146.8,2024-08-17 10:46:04,473.0
T00510,F0180,D043,65.2,2024-07-05 00:44:26,90.5
T00268,F0099,D037,29.9,2024-09-06 23:07:05,37.0
T00926,F0084,D042,44.8,2024-09-21 17:53:56,55.0
T00442,F0031,D022,191.9,2024-11-23 10:56:55,313.5
T00497,F0135,D042,198.4,2024-10-31 07:11:38,473.0
T00830,F0107,D024,176.2,2024-07-29 18:12:37,220.0
T00113,F0071,D020,199.9,2024-03-18 14:50:13,392.0
T00692,F0077,D026,148.6,2024-05-27 12:59:48,391.5
T00233,F0035,D018,4005.6,2024-03-24 23:14:54,483.5
T00983,F0054,D045,182.8,2024-11-19 07:52:06,450.0
T00608,F0067,D015,61.5,2024-04-06 08:58:45,92.0
T00672,F0169,D049,28.1,2024-01-03 17:30:05,44.5
T00374,F0097,D049,104.6,2024-09-08 11:32:58,273.5
T00827,F0087,D048,179.3,2024-10-27 06:39:57,371.5
T00664,F0095,D044,138.6,2024-05-11 08:19:37,391.0
T00955,F0182,D033,80.7,2024-09-18 17:51:01,79.0
T00234,F0183,D008,165.3,2024-05-14 07:14:39,464.0
T00819,F0181,D013,111.3,2024-11-12 20:21:47,187.0
T00889,F0138,D009,179.1,2024-05-28 21:13:07,359.0
T00677,F0075,D031,153.0,2024-09-13 06:58:31,361.0
T00318,F0077,D015,137.2,2024-07-26 15:20:40,391.5
T00649,F0068,D045,176.8,2024-08-22 23:25:50,406.0
T00411,F0144,D044,183.0,2024-11-24 14:49:44,168.0
T01013,F0057,D050,373.9,2024-03-18 04:02:00,67.0
T00710,F0109,D047,93.5,2024-01-31 16:59:56,133.5
T00359,F0050,D024,101.5,2024-04-08 18:11:30,113.0
T00259,F0059,D033,434.4,2024-03-16 13:18:48,46.5
T00745,F0124,D042,31.6,2024-08-19 02:08:36,77.5
T00628,F0132,D023,109.3,2024-09-07 02:08:25,130.5
T00633,F0009,D046,179.2,2024-02-26 07:27:20,310.5
T00283,F0195,D022,68.0,2024-10-04 15:54:12,186.0
T00377,F0076,D024,190.2,2024-06-18 22:40:55,371.5
T00385,F0046,D021,130.8,2024-09-13 22:12:49,339.5
T00225,F0041,D014,52.8,2024-05-26 08:23:09,83.0
T01052,F0130,D009,1222.0,2024-05-16 19:12:51,267.5
T00920,F0037,D028,105.4,2024-09-29 19:20:57,169.5
T00473,F0146,D009,21.8,2024-12-08 23:05:00,42.5
T00348,F0128,D005,188.6,2024-02-13 07:16:13,434.0
T00506,F0040,D033,149.6,2024-10-28 05:15:55,234.0
T00640,F0078,D004,36.1,2024-04-14 12:14:36,60.0
T01071,F0189,D009,1478.2,2024-05-16 19:22:01,276.5
T00798,F0078,D005,22.9,2024-08-12 11:16:21,60.0
T00340,F0064,D049,124.8,2024-10-01 06:04:25,194.5
T01027,F0174,D015,1054.4,2024-11-07 18:53:22,132.5
T00620,F0125,D047,74.1,2024-08-11 23:44:15,133.5
T00969,F0107,D001,66.2,2024-05-10 08:35:17,220.0
T00908,F0175,D016,138.2,2024-07-11 10:41:16,331.5
T00646,F0030,D001,49.3,2024-03-23 12:11:29,47.0
T00959,F0079,D020,70.8,2024-05-07 08:39:56,195.5
T00557,F0104,D013,153.3,2024-03-09 09:43:52,266.5
T00682,F0016,D044,105.8,2024-06-16 11:13:59,112.0
T00578,F0089,D006,163.5,2024-07-23 08:04:37,446.5
T00796,F0183,D025,182.0,2024-01-02 23:28:38,464.0
T00086,F0101,D027,33.0,2024-12-04 11:41:01,40.0
T00243,F0055,D035,117.4,2024-09-30 12:41:29,309.0
T00699,F0168,D037,58.6,2024-07-03 21:59:02,113.5
T00988,F0120,D021,98.3,2024-06-07 02:58:17,281.0
T00160,F0050,D014,74.1,2024-06-21 10:37:47,113.0
T00525,F0177,D003,195.8,2024-04-21 22:54:32,353.0
T00036,F0137,D003,171.1,2024-10-23 14:41:29,271.5
T00541,F0195,D006,138.6,2024-09-10 13:51:53,186.0
T00171,F0158,D015,181.1,2024-05-07 20:23:49,387.0
T00655,F0062,D047,140.0,2024-07-01 13:58:04,154.0
T01005,F0183,D050,1995.2,2024-03-18 04:04:24,464.0
T00971,F0115,D047,108.4,2024-04-29 16:12:24,326.0
T00960,F0193,D030,159.5,2024-01-04 08:16:41,452.5
T00485,F0174,D022,836.9,2024-11-08 11:30:17,132.5
T00734,F0150,D044,68.6,2024-05-28 02:40:46,157.5
T00900,F0050,D016,92.2,2024-04-17 19:31:32,113.0
T00096,F0162,D015,1182.4,2024-10-17 06:22:01,325.5
T00564,F0017,D022,1199.6,2024-04-27 12:20:21,169.5
T00241,F0057,D008,46.8,2024-01-04 06:02:52,67.0
T00743,F0006,D025,98.0,2024-11-08 12:32:08,99.0
T00864,F0045,D028,69.5,2024-11-16 14:08:14,148.0
T00575,F0170,D031,149.9,2024-10-21 09:01:06,305.5
T00691,F0199,D042,136.1,2024-10-22 05:51:11,446.5
T00461,F0055,D040,119.3,2024-06-11 15:17:53,309.0
T00892,F0094,D037,156.1,2024-01-04 12:59:25,291.5
T00554,F0003,D042,175.2,2024-04-10 03:52:56,372.5
T00858,F0006,D024,105.0,2024-06-25 20:04:14,99.0
T00992,F0003,D044,184.7,2024-04-28 09:29:20,372.5
T00207,F0181,D027,181.8,2024-05-17 13:46:22,187.0
T00393,F0189,D048,101.7,2024-09-21 02:33:57,276.5
T00795,F0189,D013,152.3,2024-06-23 20:20:34,276.5
T00871,F0054,D011,164.7,2024-06-20 15:04:59,450.0
T00398,F0102,D037,159.8,2024-01-13 19:51:11,327.5
T00767,F0101,D006,36.6,2024-02-12 17:23:48,40.0
T00961,F0149,D019,45.9,2024-08-07 05:03:34,49.5
T00218,F0164,D002,191.8,2024-08-24 18:14:38,279.5
T00005,F0009,D020,199.3,2024-02-03 07:56:36,310.5
T00769,F0092,D042,113.2,2024-08-26 04:34:19,364.0
T00643,F0170,D038,164.4,2024-10-08 13:00:50,305.5
T01012,F0126,D050,1307.0,2024-03-18 04:49:27,228.0
T00943,F0036,D037,151.1,2024-03-06 01:26:50,409.0
T00613,F0110,D007,20.1,2024-08-18 21:57:38,61.5
T00739,F0018,D016,2024.5,2024-10-07 05:16:11,274.5
T00547,F0076,D019,1211.9,2024-12-06 17:50:19,371.5
T00726,F0069,D006,364.0,2024-03-14 00:37:04,60.5
T01069,F0145,D009,1094.3,2024-05-16 19:45:12,160.5
T00684,F0063,D034,143.5,2024-02-28 01:49:30,418.5
T00099,F0128,D020,132.2,2024-12-17 02:31:21,434.0
T00805,F0058,D040,112.2,2024-03-08 06:04:22,118.0
T00728,F0192,D007,141.1,2024-01-11 10:46:43,451.0
T00574,F0073,D024,23.7,2024-06-10 17:57:43,27.5
T00407,F0047,D040,147.9,2024-04-21 03:46:09,173.0
T00503,F0026,D045,1725.5,2024-02-12 22:18:01,398.0
T00048,F0120,D001,184.9,2024-09-12 15:50:20,281.0
T00033,F0049,D044,184.0,2024-11-20 21:41:56,284.5
T00930,F0067,D039,50.4,2024-01-22 14:54:14,92.0
T00780,F0018,D006,180.2,2024-02-15 07:50:40,274.5
T00840,F0189,D040,133.1,2024-09-02 23:50:59,276.5
T00201,F0074,D044,159.9,2024-12-24 16:50:38,412.5
T00135,F0172,D031,17.7,2024-11-09 11:01:03,33.0
T00028,F0117,D045,176.6,2024-04-28 08:20:07,406.5
T00994,F0166,D021,133.3,2024-02-27 20:28:40,422.0
T00231,F0027,D018,99.5,2024-06-21 08:06:44,120.0
T00490,F0088,D038,149.9,2024-05-10 21:13:40,328.0
T00773,F0190,D017,99.2,2024-03-27 11:12:00,140.0
T00379,F0130,D025,196.9,2024-05-11 22:03:01,267.5
T00289,F0094,D044,93.3,2024-08-20 10:42:00,291.5
T00419,F0194,D002,154.3,2024-05-20 09:47:57,325.5
T00675,F0179,D030,144.6,2024-05-25 04:28:57,470.0
T00392,F0003,D026,157.1,2024-05-21 08:18:18,372.5
T00593,F0009,D045,151.0,2024-01-26 00:17:07,310.5
T00499,F0002,D004,170.4,2024-08-14 20:49:52,476.5
T00139,F0160,D044,197.1,2024-06-03 14:08:36,371.0
T00063,F0025,D031,130.7,2024-04-04 21:44:12,241.5
T00472,F0048,D001,94.3,2024-11-25 06:13:07,272.0
T00648,F0149,D049,51.0,2024-07-05 05:51:57,49.5
T00129,F0006,D047,36.8,2024-02-21 06:50:48,99.0
T01066,F0192,D009,3201.0,2024-05-16 19:57:47,451.0
T00521,F0067,D047,48.8,2024-04-16 10:48:32,92.0
T00839,F0117,D045,189.2,2024-05-16 10:06:58,406.5
T01057,F0142,D009,610.5,2024-05-16 19:41:04,144.5
T00065,F0012,D039,186.2,2024-07-16 15:08:54,485.5
T00813,F0022,D041,78.2,2024-07-27 22:44:16,91.5
T00015,F0163,D012,1149.3,2024-08-02 14:56:26,326.0
T00157,F0059,D027,17.7,2024-09-11 14:18:52,46.5
T00041,F0055,D022,164.6,2024-05-04 22:28:47,309.0
T00493,F0005,D002,55.9,2024-05-23 07:20:37,99.0
T00380,F0060,D032,125.3,2024-09-26 00:32:45,179.5
T00188,F0161,D021,80.6,2024-08-24 11:44:34,199.5
T00764,F0001,D045,1381.5,2024-06-11 16:50:42,203.0
T00217,F0050,D040,92.0,2024-09-19 09:14:20,113.0
T00922,F0057,D010,24.6,2024-04-18 00:11:12,67.0
